cell_line,culture_condition,bispecific_condition,relative_luminescence
10-15,0:1 E:T,None,445952.3333
10-15,0:1 E:T,None,538971.3333
10-15,0:1 E:T,None,450284.3333
10-15,0:1 E:T,PRAME,536629.3333
10-15,0:1 E:T,PRAME,549933.3333
10-15,0:1 E:T,PRAME,500339.3333
10-15,1:1 E:T,None,515644.3333
10-15,1:1 E:T,None,527448.3333
10-15,1:1 E:T,None,515220.3333
10-15,1:1 E:T,PRAME,422635.3333
10-15,1:1 E:T,PRAME,459800.3333
10-15,1:1 E:T,PRAME,433773.3333
10-15,1:1 E:T,NON-SPECIFIC,522074.3333
10-15,1:1 E:T,NON-SPECIFIC,535786.3333
10-15,1:1 E:T,NON-SPECIFIC,528596.3333
10-15,5:1 E:T,None,426212.3333
10-15,5:1 E:T,None,449043.3333
10-15,5:1 E:T,None,433944.3333
10-15,5:1 E:T,PRAME,133642.3333
10-15,5:1 E:T,PRAME,204124.3333
10-15,5:1 E:T,PRAME,160529.3333
10-15,5:1 E:T,NON-SPECIFIC,366263.3333
10-15,5:1 E:T,NON-SPECIFIC,408066.3333
10-15,5:1 E:T,NON-SPECIFIC,423481.3333
14169,0:1 E:T,None,572430.3333
14169,0:1 E:T,None,541062.3333
14169,0:1 E:T,None,593086.3333
14169,0:1 E:T,PRAME,603458.3333
14169,0:1 E:T,PRAME,575738.3333
14169,0:1 E:T,PRAME,427996.3333
14169,1:1 E:T,None,597204.3333
14169,1:1 E:T,None,587421.3333
14169,1:1 E:T,None,646888.3333
14169,1:1 E:T,PRAME,341179.3333
14169,1:1 E:T,PRAME,343784.3333
14169,1:1 E:T,PRAME,393807.3333
14169,1:1 E:T,NON-SPECIFIC,579738.3333
14169,1:1 E:T,NON-SPECIFIC,594987.3333
14169,1:1 E:T,NON-SPECIFIC,585221.3333
14169,5:1 E:T,None,372870.3333
14169,5:1 E:T,None,416537.3333
14169,5:1 E:T,None,439057.3333
14169,5:1 E:T,PRAME,128716.3333
14169,5:1 E:T,PRAME,186075.3333
14169,5:1 E:T,PRAME,104110.3333
14169,5:1 E:T,NON-SPECIFIC,378399.3333
14169,5:1 E:T,NON-SPECIFIC,383458.3333
14169,5:1 E:T,NON-SPECIFIC,367968.3333
TC-797,0:1 E:T,None,944250.3333
TC-797,0:1 E:T,None,947117.3333
TC-797,0:1 E:T,None,928679.3333
TC-797,0:1 E:T,PRAME,948953.3333
TC-797,0:1 E:T,PRAME,920512.3333
TC-797,0:1 E:T,PRAME,968939.3333
TC-797,1:1 E:T,None,769804.3333
TC-797,1:1 E:T,None,781529.3333
TC-797,1:1 E:T,None,806936.3333
TC-797,1:1 E:T,PRAME,796557.3333
TC-797,1:1 E:T,PRAME,773605.3333
TC-797,1:1 E:T,PRAME,790435.3333
TC-797,1:1 E:T,NON-SPECIFIC,782493.3333
TC-797,1:1 E:T,NON-SPECIFIC,776228.3333
TC-797,1:1 E:T,NON-SPECIFIC,812807.3333
TC-797,5:1 E:T,None,117169.3333
TC-797,5:1 E:T,None,62907.33333
TC-797,5:1 E:T,None,48430.33333
TC-797,5:1 E:T,PRAME,56988.33333
TC-797,5:1 E:T,PRAME,125119.3333
TC-797,5:1 E:T,PRAME,123630.3333
TC-797,5:1 E:T,NON-SPECIFIC,82958.33333
TC-797,5:1 E:T,NON-SPECIFIC,92461.33333
TC-797,5:1 E:T,NON-SPECIFIC,177553.3333
PER403,0:1 E:T,None,218044.4444
PER403,0:1 E:T,None,221240.4444
PER403,0:1 E:T,None,207956.4444
PER403,0:1 E:T,PRAME,248458.4444
PER403,0:1 E:T,PRAME,227527.4444
PER403,0:1 E:T,PRAME,232297.4444
PER403,1:1 E:T,None,65204.44444
PER403,1:1 E:T,None,70233.44444
PER403,1:1 E:T,None,64896.44444
PER403,1:1 E:T,PRAME,12169.44444
PER403,1:1 E:T,PRAME,6047.444444
PER403,1:1 E:T,PRAME,4158.444444
PER403,1:1 E:T,NON-SPECIFIC,78577.44444
PER403,1:1 E:T,NON-SPECIFIC,56669.44444
PER403,1:1 E:T,NON-SPECIFIC,62268.44444
PER403,5:1 E:T,None,3949.444444
PER403,5:1 E:T,None,2225.444444
PER403,5:1 E:T,None,2655.444444
PER403,5:1 E:T,PRAME,892.4444444
PER403,5:1 E:T,PRAME,717.4444444
PER403,5:1 E:T,PRAME,543.4444444
PER403,5:1 E:T,NON-SPECIFIC,2866.444444
PER403,5:1 E:T,NON-SPECIFIC,4040.444444
PER403,5:1 E:T,NON-SPECIFIC,2678.444444
JCM1,0:1 E:T,None,123957.4444
JCM1,0:1 E:T,None,133389.4444
JCM1,0:1 E:T,None,123124.4444
JCM1,0:1 E:T,PRAME,141933.4444
JCM1,0:1 E:T,PRAME,144204.4444
JCM1,0:1 E:T,PRAME,129653.4444
JCM1,1:1 E:T,None,85861.44444
JCM1,1:1 E:T,None,87402.44444
JCM1,1:1 E:T,None,100806.4444
JCM1,1:1 E:T,PRAME,81327.44444
JCM1,1:1 E:T,PRAME,90621.44444
JCM1,1:1 E:T,PRAME,86768.44444
JCM1,1:1 E:T,NON-SPECIFIC,95414.44444
JCM1,1:1 E:T,NON-SPECIFIC,84268.44444
JCM1,1:1 E:T,NON-SPECIFIC,85229.44444
JCM1,5:1 E:T,None,29935.44444
JCM1,5:1 E:T,None,33930.44444
JCM1,5:1 E:T,None,25039.44444
JCM1,5:1 E:T,PRAME,22436.44444
JCM1,5:1 E:T,PRAME,15388.44444
JCM1,5:1 E:T,PRAME,22805.44444
JCM1,5:1 E:T,NON-SPECIFIC,31578.44444
JCM1,5:1 E:T,NON-SPECIFIC,33622.44444
JCM1,5:1 E:T,NON-SPECIFIC,26580.44444
